﻿# 
# This file contains the parameter values of the Design Points successfully updated by ANSYS Workbench.
# Project name: unsaved_project
# Creation date: 11/10/2018 13:14:51
# 
# 11/10/2018 13:14:51
# The parameters defined in the project are:
# ,P1 - XYPlane.D4 [mm],P2 - Plane4.D1 [mm],P3 - Plane5.D1 [mm],P4 - Solid Volume [mm^3],P5 - Equivalent Stress Maximum [MPa],P6 - Total Deformation Maximum [mm]
# 
# The following header line defines the name of the columns by reference to the parameters.
Name,P1,P2,P3,P4,P5,P6
DP 0,10,10,10,15707.963267948966,213.35438440492908,2.716793057026865
# 
# 11/10/2018 13:15:57
# Parameters have been added and/or removed. The parameters now defined in the project are:
# ,P1 - XYPlane.D4 [mm],P2 - Plane4.D1 [mm],P3 - Plane5.D1 [mm],P4 - Solid Volume [mm^3],P5 - Equivalent Stress Maximum [MPa],P6 - Total Deformation Maximum [mm]
# 
# The following header line defines the name of the columns by reference to the parameters.
Name,P1,P2,P3,P4,P5,P6
DP 0,20,10,5,21822.209254612295,153.82515618465447,1.3832443813667283
DP 0,20,8,5,17980.802534451057,306.60951037495903,2.956463494343188
DP 0,20,20,20,62831.853071795864,26.142739596469809,0.17025579172189587
DP 0,10,10,10,15707.963267948966,213.35438440492908,2.716793057026865
